City,Latitude,Longitude,Temperature (F),Maximum Temperature (F),Humidity,Cloudiness,Wind Speed,Country,Data
Hilo,19.7297,-155.09,73.69,79.29,94,90,4.61,US,1631786705
Tasiilaq,65.6145,-37.6368,37.56,37.56,80,96,6.06,GL,1631786707
Mataura,-46.1927,168.8643,39.47,39.47,91,54,2.77,NZ,1631786709
Chui,-33.6971,-53.4616,46.56,46.56,83,0,6.51,UY,1631786709
Lucapa,-8.4192,20.7447,86.04,86.04,40,93,5.39,AO,1631786711
Port Alfred,-33.5906,26.891,61.32,61.32,72,96,18.1,ZA,1631786557
Chokurdakh,70.6333,147.9167,36.82,36.82,80,100,8.08,RU,1631786713
Tiruchchendur,8.4833,78.1167,98.89,98.89,60,75,7.16,IN,1631786714
Vaini,-21.2,-175.2,75.36,75.36,94,20,4.61,TO,1631786715
Thompson,55.7435,-97.8558,42.66,42.66,90,0,8.84,CA,1631786716
Ostrovnoy,68.0531,39.5131,45.48,45.48,87,100,19.1,RU,1631786717
Inírida,3.8653,-67.9239,71.6,71.6,99,100,0.22,CO,1631786718
Avesta,60.1455,16.1679,49.66,50.13,79,100,7.4,SE,1631786541
Howard Springs,-12.497,131.047,85.75,85.98,68,16,10.94,AU,1631786720
Chitral,35.8462,71.7858,88.12,88.12,9,0,6.44,PK,1631786721
Villaviciosa,43.4813,-5.4357,67.62,74.39,77,95,2.28,ES,1631786721
Goundam,16.4145,-3.6708,88.21,88.21,47,83,11.03,ML,1631786723
Alofi,-19.0595,-169.9187,77.5,77.5,75,3,19.91,NU,1631786542
Saskylakh,71.9167,114.0833,40.6,40.6,95,100,16.31,RU,1631786724
Rikitea,-23.1203,-134.9692,73.02,73.02,77,2,13.13,PF,1631786726
Songea,-10.6833,35.65,87.19,87.19,29,10,6.22,TZ,1631786728
Zhigansk,66.7697,123.3711,45.07,45.07,62,100,1.28,RU,1631786729
Bluff,-46.6,168.3333,39.79,39.79,68,75,12.08,NZ,1631786731
Kiruna,67.8557,20.2251,40.12,40.12,70,20,11.5,SE,1631786732
Punta Arenas,-53.15,-70.9167,32.11,32.11,80,75,4.61,CL,1631786733
Nago,26.5881,127.9761,82.94,84.27,82,8,7.96,JP,1631786513
Severo-Kuril'sk,50.6789,156.125,48.83,48.83,81,5,8.25,RU,1631786735
Baykit,61.67,96.37,48.7,48.7,51,34,4.16,RU,1631786737
Mar del Plata,-38.0023,-57.5575,44.62,44.62,81,0,11.5,AR,1631786738
Palmer,42.1584,-72.3287,64.04,66.61,82,75,4.61,US,1631786740
Budogoshch',59.2816,32.4707,49.1,49.1,66,100,3.33,RU,1631786741
Ushuaia,-54.8,-68.3,24.69,24.69,89,99,4.76,AR,1631786742
Torbay,47.6666,-52.7314,53.82,55.58,85,87,4.0,CA,1631786744
Cape Town,-33.9258,18.4232,65.88,67.1,57,11,5.01,ZA,1631786746
Isangel,-19.55,169.2667,72.55,72.55,85,87,9.42,VU,1631786747
Butaritari,3.0707,172.7902,82.99,82.99,69,58,15.41,KI,1631786748
Lagoa,39.05,-27.9833,71.06,71.06,79,5,10.02,PT,1631786749
Puerto Ayora,-0.7393,-90.3518,66.54,66.54,93,43,4.0,EC,1631786751
Tezu,27.9167,96.1667,86.86,86.86,62,88,1.16,IN,1631786752
Arrondissement de Saint-Denis,48.9167,2.3333,67.21,69.39,66,0,1.01,FR,1631786752
Tuktoyaktuk,69.4541,-133.0374,43.63,43.63,87,45,7.99,CA,1631786754
Srednekolymsk,67.45,153.6833,37.35,37.35,69,80,5.82,RU,1631786755
Archidona,37.0965,-4.3887,71.15,74.23,53,0,3.22,ES,1631786757
Busselton,-33.65,115.3333,51.04,51.04,59,81,15.46,AU,1631786758
Honningsvåg,70.9821,25.9704,44.35,44.35,70,40,11.5,NO,1631786759
Dingle,10.9995,122.6711,76.39,76.39,87,100,7.36,PH,1631786761
Puerto Escondido,15.85,-97.0667,78.4,78.4,88,31,3.53,MX,1631786763
Kruisfontein,-34.0033,24.7314,59.88,59.88,76,87,13.06,ZA,1631786764
Nantucket,41.2835,-70.0995,72.34,73.51,94,1,6.91,US,1631786765
Ilulissat,69.2167,-51.1,24.82,24.82,39,20,4.61,GL,1631786766
Arlit,18.7369,7.3853,101.35,101.35,11,5,4.5,NE,1631786768
Farafangana,-22.8167,47.8333,77.63,77.63,65,2,12.68,MG,1631786769
Karasjok,69.4719,25.5112,42.91,42.91,72,100,7.67,NO,1631786771
Topchikha,52.8192,83.1185,72.18,72.18,27,73,6.4,RU,1631786772
Albany,42.6001,-73.9662,58.75,63.09,94,100,3.33,US,1631786773
São Gabriel da Cachoeira,-0.1303,-67.0892,69.1,69.1,98,65,1.48,BR,1631786774
Yellowknife,62.456,-114.3525,40.44,40.44,58,100,13.6,CA,1631786776
Pevek,69.7008,170.3133,31.75,31.75,95,100,11.18,RU,1631786778
Buala,-8.145,159.5921,79.75,79.75,82,31,5.59,SB,1631786779
Grindavik,63.8424,-22.4338,50.47,50.47,100,90,10.36,IS,1631786781
Khatanga,71.9667,102.5,34.47,34.47,93,100,12.33,RU,1631786783
Nouadhibou,20.931,-17.0347,74.34,74.34,73,6,13.38,MR,1631786530
Lompoc,34.6391,-120.4579,54.72,58.08,90,90,0.0,US,1631786785
Bereda,43.2686,-7.5406,65.79,68.41,90,92,4.14,ES,1631786785
Kaitangata,-46.2817,169.8464,39.11,39.11,79,77,4.23,NZ,1631786787
Mehamn,71.0357,27.8492,44.55,44.78,65,20,6.91,NO,1631786787
Anzoátegui,4.63,-75.0954,56.57,56.57,86,68,3.33,CO,1631786789
Zhezkazgan,47.8043,67.7144,82.2,82.2,18,0,17.72,KZ,1631786790
Muhos,64.808,25.9931,46.18,46.89,58,23,2.06,FI,1631786791
Avera,33.194,-82.5271,69.57,71.47,98,100,8.28,US,1631786792
Asău,46.4333,26.4,76.62,78.76,52,9,3.06,RO,1631786794
Avarua,-21.2078,-159.775,75.25,75.25,78,75,13.8,CK,1631786796
Vallenar,-28.5708,-70.7581,53.04,53.04,60,7,1.21,CL,1631786797
Taltal,-25.4,-70.4833,55.6,55.6,73,4,4.47,CL,1631786799
Daule,-1.865,-79.9792,69.98,70.74,78,94,2.82,EC,1631786800
Puerto Colombia,10.9878,-74.9547,80.69,80.69,83,68,6.46,CO,1631786802
Kendari,-3.945,122.4989,75.79,75.79,88,100,1.99,ID,1631786803
Esperance,-33.8667,121.9,51.64,51.64,73,31,29.39,AU,1631786803
Bengkulu,-3.8004,102.2655,81.54,81.54,85,45,7.25,ID,1631786804
Carnarvon,-24.8667,113.6333,65.21,65.21,57,5,20.0,AU,1631786804
Whitehorse,60.7161,-135.0538,36.1,41.02,93,100,7.65,CA,1631786804
Adamantas,36.7333,24.4333,80.02,80.02,70,0,8.25,GR,1631786806
Bredasdorp,-34.5322,20.0403,57.52,57.52,59,97,7.49,ZA,1631786807
Lufilufi,-13.8745,-171.5986,81.19,81.19,79,20,22.57,WS,1631786809
Jamestown,42.097,-79.2353,53.4,58.06,99,90,1.01,US,1631786810
Codrington,-38.2667,141.9667,46.58,46.58,91,18,9.8,AU,1631786811
Şebinkarahisar,40.2883,38.4236,68.47,68.47,50,19,8.3,TR,1631786571
Inta,66.0317,60.1659,47.82,47.82,64,87,16.73,RU,1631786812
Leningradskiy,69.3833,178.4167,28.67,28.67,92,100,5.35,RU,1631786813
Port Shepstone,-30.7414,30.455,60.24,60.24,92,100,9.22,ZA,1631786815
Takāb,36.4009,47.1133,85.21,85.21,10,0,15.82,IR,1631786816
Anjiang,27.3194,110.1031,82.81,82.81,78,63,2.28,CN,1631786818
Rio Grande,-32.035,-52.0986,41.95,41.95,81,0,5.61,BR,1631786818
La Ronge,55.1001,-105.2842,47.84,47.84,62,30,19.15,CA,1631786820
Adrar,20.5022,-10.0711,93.99,93.99,18,57,11.14,MR,1631786821
Almaznyy,48.0448,40.045,69.94,69.94,26,28,9.42,RU,1631786823
Nelson Bay,-32.7167,152.15,52.32,57.0,92,8,6.69,AU,1631786603
Araguaçu,-12.9306,-49.8264,81.3,81.3,27,1,4.74,BR,1631786825
Viedma,-40.8135,-62.9967,46.9,46.9,59,0,3.13,AR,1631786827
Kapaa,22.0752,-159.319,71.83,75.18,85,75,1.01,US,1631786828
St. George's,12.0564,-61.7485,81.23,81.23,81,5,11.79,GD,1631786830
Simbahan,6.3032,120.5836,80.31,80.31,81,100,17.94,PH,1631786831
Ust'-Barguzin,53.45,108.9833,52.34,52.34,74,95,4.43,RU,1631786831
Nikolskoye,59.7035,30.7861,48.09,48.09,70,100,4.45,RU,1631786833
Ust-Nera,64.5667,143.2,48.38,48.38,69,7,3.44,RU,1631786834
Vágur,61.4732,-6.8119,52.07,52.07,81,42,9.84,FO,1631786836
Koslan,63.4564,48.8989,44.01,44.01,85,100,7.72,RU,1631786838
Qaanaaq,77.484,-69.3632,16.11,16.11,74,99,8.61,GL,1631786839
Behshahr,36.6923,53.5526,89.19,89.19,47,0,8.34,IR,1631786841
Yar-Sale,66.8333,70.8333,44.82,44.82,65,95,14.14,RU,1631786842
Tiksi,71.6872,128.8694,43.74,43.74,68,100,5.53,RU,1631786761
Ekibastuz,51.6667,75.3667,76.23,76.23,23,78,12.59,KZ,1631786844
Kiama,-34.6833,150.8667,54.57,58.37,83,45,3.27,AU,1631786845
Shache,38.4167,77.2406,88.29,88.29,13,0,2.08,CN,1631786846
Cuamba,-14.8031,36.5372,92.26,92.26,25,15,5.23,MZ,1631786846
Bambous Virieux,-20.3428,57.7575,75.45,77.22,78,40,9.22,MU,1631786847
Saint-Philippe,-21.3585,55.7679,77.65,79.11,71,0,11.83,RE,1631786849
Rocky Mountain House,52.3668,-114.9188,39.83,39.83,53,62,9.17,CA,1631786850
Owosso,42.9978,-84.1766,51.62,57.34,97,1,0.0,US,1631786852
New Norfolk,-42.7826,147.0587,46.36,49.5,73,75,2.21,AU,1631786855
Rawson,-43.3002,-65.1023,50.18,50.18,57,4,10.58,AR,1631786855
Mahébourg,-20.4081,57.7,75.49,77.25,78,40,9.22,MU,1631786857
São João da Barra,-21.6403,-41.0511,73.49,73.49,89,100,9.15,BR,1631786859
Upernavik,72.7868,-56.1549,25.5,25.5,80,96,7.65,GL,1631786574
Alice Springs,-23.7,133.8833,87.35,87.35,13,55,8.05,AU,1631786861
Lüderitz,-26.6481,15.1594,70.0,70.0,34,1,23.71,NA,1631786861
Siruguppa,15.6333,76.9,88.02,88.02,49,100,14.27,IN,1631786863
Hermanus,-34.4187,19.2345,56.73,56.73,64,100,7.78,ZA,1631786863
Ovalle,-30.5983,-71.2003,51.39,51.39,72,3,1.25,CL,1631786865
Sajanan,37.0573,9.2426,92.95,92.95,36,83,8.9,TN,1631786866
Morant Bay,17.8815,-76.4093,75.61,75.61,86,90,8.5,JM,1631786868
Blagoyevo,63.3667,47.9167,43.43,43.43,86,100,8.81,RU,1631786869
Aksu,41.1231,80.2644,83.98,83.98,19,42,2.64,CN,1631786870
Newtownards,54.5924,-5.6909,59.95,60.53,86,40,4.0,GB,1631786871
Bolitoc,15.7395,119.8769,82.56,82.56,84,84,8.48,PH,1631786872
Ürümqi,43.801,87.6005,81.55,81.55,18,0,6.71,CN,1631786872
Tibiri,13.5627,7.0485,90.86,90.86,49,47,9.42,NE,1631786873
Ancud,-41.8697,-73.8203,49.53,49.53,93,100,13.91,CL,1631786875
Balikpapan,-1.2675,116.8289,81.59,81.59,74,40,2.3,ID,1631786877
Ponta do Sol,32.6667,-17.1,77.29,78.71,64,25,3.4,PT,1631786877
Adwa,14.1646,38.8955,76.95,76.95,42,88,4.38,ET,1631786878
Souillac,-20.5167,57.5167,75.58,77.36,78,40,9.22,MU,1631786880
Vila Franca do Campo,37.7167,-25.4333,72.01,72.01,66,9,3.0,PT,1631786881
Laas,46.6166,10.7002,61.84,64.02,86,99,3.11,IT,1631786883
Barrow,71.2906,-156.7887,33.82,33.82,80,90,9.22,US,1631786884
Daru,-9.0763,143.2092,76.23,76.23,73,48,18.07,PG,1631786886
Cabo San Lucas,22.8909,-109.9124,79.93,80.62,82,12,10.4,MX,1631786887
Dikson,73.5069,80.5464,38.16,38.16,88,100,24.79,RU,1631786888
Vardø,70.3705,31.1107,43.0,43.0,74,87,5.37,NO,1631786889
De-Kastri,51.4667,140.7833,56.79,56.79,91,100,7.72,RU,1631786891
Genhe,50.7833,121.5167,46.83,46.83,67,9,4.03,CN,1631786784
Santiago de Cao,-7.9589,-79.2392,61.03,61.03,86,100,8.77,PE,1631786891
Conde,-7.2597,-34.9075,76.46,76.46,94,20,5.75,BR,1631786893
Dudinka,69.4058,86.1778,40.35,40.35,93,100,5.1,RU,1631786894
Bethanien,-26.502,17.1583,61.66,61.66,20,2,12.35,NA,1631786896
Atuona,-9.8,-139.0333,77.54,77.54,71,2,20.04,PF,1631786897
Katsuura,35.1333,140.3,73.51,73.51,78,67,15.73,JP,1631786886
Port Elizabeth,-33.918,25.5701,57.49,62.1,88,75,19.57,ZA,1631786899
Praia da Vitória,38.7333,-27.0667,73.76,73.76,82,18,4.03,PT,1631786901
Kalmunai,7.4167,81.8167,84.92,84.92,69,85,7.29,LK,1631786902
Talnakh,69.4865,88.3972,38.75,38.75,97,100,9.57,RU,1631786902
Saint Paul Harbor,57.79,-152.4072,49.78,49.78,98,100,14.16,US,1631786904
Porto-Novo,6.4965,2.6036,85.03,85.03,64,91,4.21,BJ,1631786906
Port Macquarie,-31.4333,152.9167,51.76,51.76,73,11,6.24,AU,1631786907
Yining,29.0361,114.5636,80.89,80.89,66,37,3.33,CN,1631786908
Sal Rei,16.1833,-22.9167,82.6,82.6,74,75,20.71,CV,1631786908
Kirovskiy,45.0917,133.5136,55.89,55.89,97,100,5.06,RU,1631786911
Provideniya,64.3833,-173.3,39.34,39.34,65,100,2.84,RU,1631786911
Miguel Hidalgo,19.4225,-99.2028,62.01,62.01,77,90,4.61,MX,1631786912
Faanui,-16.4833,-151.75,78.67,78.67,75,1,19.57,PF,1631786914
Oschatz,51.3,13.1167,63.41,63.91,84,99,9.44,DE,1631786766
Longyearbyen,78.2186,15.6401,42.64,42.64,70,75,14.97,SJ,1631786916
Shakiso,5.75,38.9167,71.02,71.02,66,99,5.03,ET,1631786918
Ruska Poliana,49.417,31.9201,68.49,68.49,32,66,3.85,UA,1631786919
Hammerfest,70.6634,23.6821,46.85,46.85,66,0,9.22,NO,1631786921
San Rafael,-34.6177,-68.3301,52.25,52.25,24,0,6.31,AR,1631786922
Murchison,-41.8,172.3333,35.73,35.73,89,43,2.53,NZ,1631786923
Los Llanos de Aridane,28.6585,-17.9182,73.13,73.15,72,75,10.36,ES,1631786925
Faya,18.3851,42.4509,77.52,77.52,35,39,11.25,SA,1631786926
Indramayu,-6.3264,108.32,83.91,83.91,69,60,11.81,ID,1631786761
East London,-33.0153,27.9116,61.43,61.43,69,97,13.73,ZA,1631786929
Makakilo City,21.3469,-158.0858,73.18,77.32,79,1,4.61,US,1631786931
Sawtell,-30.3833,153.1,59.02,59.02,72,75,11.5,AU,1631786932
Muros,42.7762,-9.0603,68.56,74.23,74,0,6.31,ES,1631786933
Uyuni,-20.4597,-66.825,38.59,38.59,29,64,6.78,BO,1631786934
Abu Dhabi,24.4667,54.3667,109.42,109.51,14,0,2.3,AE,1631786862
Olafsvik,64.8945,-23.7142,51.69,51.69,87,98,13.31,IS,1631786936
Haines Junction,60.7522,-137.5108,36.95,36.95,89,100,5.03,CA,1631786937
Hobart,-42.8794,147.3294,48.45,49.86,82,75,1.01,AU,1631786814
Dublin,37.7021,-121.9358,55.31,57.97,85,20,5.99,US,1631786790
Vestmannaeyjar,63.4427,-20.2734,53.85,53.85,87,100,11.95,IS,1631786939
Severnyy,50.677,36.5532,60.84,60.84,48,0,11.18,RU,1631786941
Kununurra,-15.7667,128.7333,91.38,91.38,40,58,10.36,AU,1631786942
Xifeng,42.7372,124.7222,60.62,60.62,97,100,3.22,CN,1631786771
Saldanha,-33.0117,17.9442,59.95,59.95,67,0,24.36,ZA,1631786943
Jablah,35.3614,35.9256,78.28,78.28,66,52,9.55,SY,1631786945
Batagay,67.6333,134.6333,49.71,49.71,68,99,4.27,RU,1631786946
Huaibei,33.9744,116.7917,77.68,77.68,72,86,4.27,CN,1631786671
Pisco,-13.7,-76.2167,59.05,59.05,88,41,8.05,PE,1631786948
Camopi,3.1655,-52.3158,71.11,71.11,99,35,1.3,GF,1631786950
Hobyo,5.3505,48.5268,84.04,84.04,69,20,26.66,SO,1631786952
Manbij,36.5281,37.9549,83.17,83.17,32,0,13.35,SY,1631786953
Pāsighāt,28.0667,95.3333,87.22,87.22,63,87,2.44,IN,1631786955
Juba,4.8517,31.5825,89.65,89.65,50,67,2.55,SS,1631786955
Ola,59.5833,151.2833,47.82,47.82,80,2,0.47,RU,1631786957
Raudeberg,61.9875,5.1352,54.84,57.2,96,100,4.03,NO,1631786958
Eyl,7.9803,49.8164,93.58,93.58,47,94,22.93,SO,1631786960
Lebu,-37.6167,-73.65,45.64,45.64,86,6,5.7,CL,1631786961
Chimbote,-9.0853,-78.5783,60.28,60.28,89,99,6.98,PE,1631786963
Bom Jesus,-9.0744,-44.3586,77.58,77.58,41,0,2.06,BR,1631786964
Tuatapere,-46.1333,167.6833,39.81,39.81,85,70,3.87,NZ,1631786966
Norman Wells,65.282,-126.8329,43.59,43.59,92,96,6.08,CA,1631786967
Soldotna,60.4878,-151.0583,45.88,46.96,86,90,3.44,US,1631786968
Oodweyne,9.4092,45.064,90.9,90.9,28,54,15.48,SO,1631786970
Friesoythe,53.0167,7.85,63.99,65.03,86,90,14.94,DE,1631786971
Mayya,61.7333,130.2811,51.12,51.12,95,100,4.92,RU,1631786973
Storforshei,66.4043,14.5233,51.58,51.58,62,75,12.66,NO,1631786975
Hithadhoo,-0.6,73.0833,83.43,83.43,70,75,9.08,MV,1631786976
Waipawa,-41.4122,175.5153,44.71,46.02,82,100,19.08,NZ,1631786976
George Town,5.4112,100.3354,85.89,87.73,77,20,5.75,MY,1631786819
Gisborne,-38.6533,178.0042,49.95,49.95,93,98,8.28,NZ,1631786978
Diamantino,-14.4086,-56.4461,74.84,74.84,71,0,3.18,BR,1631786978
Arraial do Cabo,-22.9661,-42.0278,71.46,71.46,88,75,8.05,BR,1631786980
Ribeira Grande,38.5167,-28.7,72.0,72.0,83,40,5.75,PT,1631786981
Kokstad,-30.5472,29.4241,48.45,48.45,92,100,3.94,ZA,1631786983
Liezen,47.5667,14.2333,70.77,70.99,84,96,2.98,AT,1631786985
Kamenka,51.3223,42.7678,59.18,59.18,38,37,13.42,RU,1631786987
Husavik,66.0449,-17.3389,55.96,55.96,73,98,11.52,IS,1631786988
Erdenet,49.0333,104.0833,59.31,59.31,61,10,2.73,MN,1631786844
Santa Maria,-29.6842,-53.8069,45.99,45.99,92,1,4.99,BR,1631786990
Sept-Îles,50.2001,-66.3821,48.06,48.06,94,70,1.01,CA,1631786991
Cap Malheureux,-19.9842,57.6142,77.47,77.47,73,7,5.99,MU,1631786992
Virginia Beach,36.8529,-75.978,71.89,75.22,95,1,3.44,US,1631786994
Airai,-8.9266,125.4092,63.63,63.63,77,53,3.58,TL,1631786995
Mil'kovo,54.7167,158.6167,46.49,46.49,64,0,3.74,RU,1631786995
Pio IX,-6.8375,-40.5792,75.31,75.31,59,0,10.51,BR,1631786997
Lázaro Cárdenas,17.9583,-102.2,75.67,75.67,91,100,4.68,MX,1631786998
Lagos,6.5833,3.75,85.95,85.95,61,97,4.5,NG,1631786999
Concepción del Oro,24.6333,-101.4167,61.23,61.23,76,100,2.84,MX,1631787002
Sarakhs,36.5449,61.1577,99.32,99.32,6,0,8.05,IR,1631787003
Naviraí,-23.065,-54.1906,64.98,64.98,95,29,2.55,BR,1631787004
Salinópolis,-0.6136,-47.3561,78.8,78.8,87,9,9.01,BR,1631786714
Kitahiroshima,42.9758,141.5672,60.82,60.82,81,100,7.92,JP,1631786869
Sirte,31.2089,16.5887,81.23,81.23,48,0,6.55,LY,1631787007
Magalia,39.8121,-121.5783,55.08,61.21,31,0,4.45,US,1631787008
Waddān,29.1614,16.139,84.88,84.88,28,0,5.06,LY,1631787009
Bethel,41.3712,-73.414,66.18,70.81,90,90,5.75,US,1631787011
Saint-Augustin,51.226,-58.6502,55.63,55.63,97,100,9.98,CA,1631787012
Griffith,41.5284,-87.4237,52.68,62.53,94,1,0.0,US,1631787013
Santa Isabel Rio Negro,-0.4139,-65.0192,70.65,70.65,89,36,2.08,BR,1631787014
Pitimbu,-7.4706,-34.8086,77.59,77.59,78,23,14.63,BR,1631786802
Ararat,39.8317,44.7049,88.14,88.14,15,0,0.74,AM,1631787016
Cidreira,-30.1811,-50.2056,55.58,55.58,66,41,2.95,BR,1631787017
Rudnogorsk,57.2639,103.7519,42.91,42.91,65,100,3.47,RU,1631787019
Wuda,39.4994,106.7117,76.33,76.33,30,2,3.31,CN,1631787021
Qaryat Sulūq,31.6682,20.2521,85.8,85.8,31,0,8.84,LY,1631787022
Tabuk,17.4189,121.4443,79.99,79.99,85,90,5.14,PH,1631787023
Egvekinot,66.3167,-179.1667,29.12,29.12,81,99,0.36,RU,1631787024
Hasaki,35.7333,140.8333,70.2,70.2,66,98,16.4,JP,1631787025
Mae Sai,20.4335,99.8762,81.03,81.03,82,100,1.34,TH,1631787027
Lambaréné,-0.7001,10.2406,83.07,83.07,70,89,3.36,GA,1631787027
Sioux Lookout,50.1001,-91.917,55.47,55.47,100,75,4.61,CA,1631787029
Hay River,60.8156,-115.7999,42.64,42.64,70,100,15.32,CA,1631787030
Dongsheng,39.8161,109.9776,66.11,66.11,35,13,10.07,CN,1631786757
Methóni,36.8197,21.7049,84.06,84.06,60,0,12.44,GR,1631787032
Ortigueira,-24.2083,-50.9494,60.98,60.98,92,98,5.84,BR,1631787033
Juventino Rosas,20.65,-101.0,61.75,61.75,95,100,1.63,MX,1631787035
Al Bardīyah,31.7561,25.0865,81.61,81.61,54,0,18.41,LY,1631787036
Porosozero,62.7191,32.727,45.9,45.9,57,82,5.73,RU,1631787037
Imuris,30.7833,-110.8667,74.23,74.23,40,9,2.68,MX,1631787038
Puerto Baquerizo Moreno,-0.9,-89.6,67.95,67.95,85,65,13.31,EC,1631787039
Udachny,66.4167,112.4,45.16,45.16,52,91,9.44,RU,1631787041
Derzhavīnsk,51.1,66.3167,77.36,77.36,27,8,25.48,KZ,1631787044
Ponta Porã,-22.5361,-55.7256,62.35,62.35,97,59,3.29,BR,1631787044
Plácido de Castro,-10.3353,-67.1856,72.07,72.07,86,8,2.19,BR,1631787046
Kidal,18.4411,1.4078,96.55,96.55,28,5,10.16,ML,1631787048
Lianzhou,24.7811,112.3825,79.54,79.54,87,97,0.54,CN,1631787049
Atikokan,48.7555,-91.6216,58.14,58.14,72,94,11.18,CA,1631787049
Lorengau,-2.0226,147.2712,76.96,76.96,86,100,5.75,PG,1631787050
Cockburn Town,21.4612,-71.1419,82.89,82.89,79,71,16.08,TC,1631787051
Terney,45.0503,136.6092,59.9,59.9,78,100,6.44,RU,1631787052
Labuhan,-6.8844,112.2051,83.86,83.86,69,72,10.27,ID,1631787052
Molina,-35.1167,-71.2833,40.73,40.73,100,0,5.75,CL,1631787052
Aklavik,68.2191,-135.0107,44.4,44.4,86,84,5.59,CA,1631787054
Nome,64.5011,-165.4064,42.87,42.87,81,90,8.05,US,1631787055
Touros,-5.1989,-35.4608,76.1,76.1,78,68,15.17,BR,1631787058
São Filipe,14.8961,-24.4956,80.01,80.01,79,57,6.08,CV,1631787059
Andenes,69.3143,16.1194,48.18,48.18,71,0,17.27,NO,1631787061
Kefamenanu,-9.4467,124.4781,76.06,76.06,74,63,7.18,ID,1631787062
Port Blair,11.6667,92.75,77.52,77.52,87,100,11.34,IN,1631787062
Aquiraz,-3.9014,-38.3911,82.49,82.49,78,81,14.2,BR,1631787062
Houma,29.5958,-90.7195,77.23,79.0,95,3,2.75,US,1631787064
Belmonte,-15.8631,-38.8828,70.3,70.3,80,21,4.52,BR,1631787065
Hearst,49.6835,-83.6665,47.73,47.73,83,16,8.63,CA,1631787067
Havre-St-Pierre,50.2334,-63.5986,50.45,50.45,89,100,11.52,CA,1631787068
Cayenne,4.9333,-52.3333,78.1,78.1,89,0,2.3,GF,1631787069
Williston,48.147,-103.618,54.05,54.34,61,100,3.0,US,1631787070
Osakarovka,50.565,72.5692,74.82,74.82,24,16,13.22,KZ,1631787072
Sekondi,4.937,-1.7128,81.03,81.03,76,54,4.5,GH,1631787072
Muisne,0.6,-80.0333,73.33,73.33,92,100,7.25,EC,1631787074
Freeport,40.6576,-73.5832,70.65,73.26,82,75,1.99,US,1631787076
Hong Kong,22.2855,114.1577,83.59,86.32,74,41,10.63,HK,1631787005
Tambura,5.6,27.4667,84.0,84.0,67,85,0.69,SS,1631787077
Wajid,3.8093,43.2471,87.55,87.55,44,91,18.23,SO,1631787079
Salalah,17.0151,54.0924,86.09,86.09,84,75,12.66,OM,1631787082
Castro,-24.7911,-50.0119,55.92,55.92,98,100,5.95,BR,1631787083
Port Augusta,-32.5,137.7667,73.71,77.14,18,99,12.93,AU,1631787085
San Cristobal,7.7669,-72.225,64.29,64.29,87,24,3.18,VE,1631787087
North Bend,43.4065,-124.2243,46.98,49.86,87,1,6.91,US,1631787088
Upata,8.0086,-62.3989,69.46,69.46,99,15,3.6,VE,1631787089
Pareora,-44.4871,171.2132,44.91,44.91,74,100,9.53,NZ,1631787090
Hutchinson,38.0608,-97.9298,66.54,68.29,84,1,1.01,US,1631787091
Sawākin,19.1059,37.3321,95.29,95.29,41,1,15.28,SD,1631787092
Aksarka,66.5606,67.7975,42.73,42.73,83,100,15.01,RU,1631787093
Wattegama,6.7989,81.4808,91.76,91.76,45,96,5.08,LK,1631787096
Nemuro,43.3236,145.575,55.38,55.38,71,100,9.33,JP,1631787096
Talcahuano,-36.7167,-73.1167,42.48,42.48,100,0,4.61,CL,1631787097
Nizhnyaya Tavda,57.6731,66.1725,56.01,56.01,52,49,11.7,RU,1631787098
Sakaiminato,35.55,133.2333,74.57,74.57,77,97,13.4,JP,1631787100
Mandalgovi,45.7625,106.2708,67.86,67.86,30,52,9.08,MN,1631787100
Ceres,37.5949,-120.9577,57.85,66.78,82,1,4.61,US,1631787101
Sinnamary,5.3833,-52.95,78.91,78.91,84,5,6.78,GF,1631787102
Bathsheba,13.2167,-59.5167,81.07,81.07,80,29,14.32,BB,1631787104
Jāwā,31.8525,35.9393,77.31,80.38,44,40,5.75,JO,1631787105
Constitución,-35.3333,-72.4167,48.49,48.49,80,0,6.11,CL,1631787106
Rancho Palos Verdes,33.7445,-118.387,60.67,64.11,89,15,1.99,US,1631787108
Scottsbluff,41.8666,-103.6672,52.07,61.23,50,1,3.44,US,1631787109
Chernyshevskiy,63.0128,112.4714,44.02,44.02,68,45,2.53,RU,1631787110
Sibolga,1.7427,98.7792,83.98,83.98,69,17,3.27,ID,1631787111
Pangnirtung,66.1451,-65.7125,34.03,34.03,70,100,2.08,CA,1631787111
Oistins,13.0667,-59.5333,80.94,80.94,79,21,15.17,BB,1631787113
Flinders,-34.5833,150.8552,55.51,58.17,78,58,1.99,AU,1631787114
Nanzhou,29.3596,112.4024,81.63,81.63,73,0,6.82,CN,1631787115
Sitka,57.0531,-135.33,51.69,51.69,76,90,10.36,US,1631787115
Barra de Tecoanapa,16.5167,-98.75,76.33,76.33,92,90,3.09,MX,1631787117
Trairi,-3.2778,-39.2689,80.76,80.76,76,77,13.04,BR,1631787118
Dolinsk,47.35,142.8,57.06,57.06,82,100,8.5,RU,1631787119
The Valley,18.217,-63.0578,81.82,82.09,73,53,16.96,AI,1631787119
Henties Bay,-22.116,14.2845,56.86,56.86,65,0,11.79,NA,1631787120
Chingirlau,51.095,54.0814,64.11,64.11,32,8,11.32,KZ,1631787122
Amahai,-3.3333,128.9167,78.67,78.67,86,91,6.13,ID,1631787123
Nansio,-2.1333,33.05,76.84,76.84,60,86,5.97,TZ,1631787124
Lukovit,43.2,24.1667,85.46,85.46,21,3,3.6,BG,1631787125
Kédougou,12.5579,-12.1743,73.65,73.65,97,100,2.64,SN,1631787126
Nanyang,32.9947,112.5328,80.06,80.06,65,29,7.78,CN,1631787128
Tadine,-21.55,167.8833,70.2,70.2,66,99,13.31,NC,1631787128
Aykhal,66.0,111.5,42.33,42.33,56,89,7.25,RU,1631787129
Varhaug,58.6147,5.6457,57.31,58.55,71,100,6.6,NO,1631787130
Nova Olímpia,-14.7972,-57.2881,74.1,74.1,73,27,2.42,BR,1631787132
Bauchi,10.5,10.0,89.6,89.6,51,95,3.22,NG,1631787133
Aberdeen,57.1437,-2.0981,58.39,60.21,82,75,6.91,GB,1631787062
Kamyshin,50.0983,45.416,63.72,63.72,33,13,13.96,RU,1631787135
Bukama,-9.2,25.85,102.29,102.29,25,92,1.34,CD,1631787136
Shubarkuduk,49.1447,56.4872,72.95,72.95,17,0,16.4,KZ,1631787138
Sosnovo-Ozerskoye,52.5249,111.5418,51.24,51.24,59,62,12.55,RU,1631787139
Mt. Pleasant,32.7941,-79.8626,73.98,76.17,97,1,3.0,US,1631787141
Bubaque,11.2833,-15.8333,80.51,80.51,77,100,3.13,GW,1631787142
Fairbanks,64.8378,-147.7164,39.92,44.31,76,75,4.61,US,1631787143
Ayagoz,47.9714,80.4392,78.06,78.06,14,62,12.12,KZ,1631787145
Port Hardy,50.6996,-127.4199,48.24,48.24,88,3,4.23,CA,1631787145
Clyde River,70.4692,-68.5914,29.17,29.17,73,82,3.67,CA,1631787147
Osmeña,10.5208,119.9258,82.33,82.33,78,97,8.43,PH,1631787149
Micheweni,-4.9667,39.8333,82.62,82.62,61,65,7.27,TZ,1631787150
Ormara,25.2088,64.6357,83.1,83.1,76,6,11.92,PK,1631787151
Poso,-1.3959,120.7524,74.97,74.97,96,100,0.96,ID,1631787152
Progreso,21.2833,-89.6667,78.12,78.12,91,31,8.46,MX,1631787152
Monte Alegre,-2.0078,-54.0692,74.41,74.41,84,3,4.47,BR,1631787153
Saiha,22.4833,92.9667,74.28,74.28,98,100,1.63,IN,1631787154
Along,28.1667,94.7667,91.11,91.11,55,59,1.9,IN,1631787155
Umluj,25.0213,37.2685,86.74,86.74,63,24,14.56,SA,1631787155
Annau,37.8876,58.516,99.9,99.9,10,0,20.71,TM,1631787156
Portland,45.5234,-122.6762,46.13,50.5,80,1,1.01,US,1631787015
Tiznit Province,29.5833,-9.5,70.81,70.81,62,20,5.39,MA,1631787158
Embu,-23.6489,-46.8522,62.08,65.75,96,100,8.43,BR,1631787159
Gorontalo,0.5412,123.0595,75.07,75.07,98,100,2.73,ID,1631787161
Mayna,54.1135,47.6231,48.18,48.18,61,99,9.98,RU,1631787161
Broken Hill,-31.95,141.4333,65.53,65.53,30,0,8.81,AU,1631787163
Marawi,7.9986,124.2928,66.65,66.65,97,99,2.3,PH,1631787164
Redlands,34.0556,-117.1825,60.55,70.12,70,1,6.91,US,1631787164
Bac Lieu,9.285,105.7244,83.14,83.14,71,71,8.93,VN,1631787165
Saint-Pierre,-21.3393,55.4781,77.56,79.18,64,0,8.05,RE,1631787165
Lamu,-2.2717,40.902,84.42,84.42,67,21,14.09,KE,1631787167
Mount Isa,-20.7333,139.5,73.17,73.17,25,5,2.3,AU,1631787168
Östersund,63.1792,14.6357,46.85,46.85,87,90,14.97,SE,1631787169
College,64.8569,-147.8028,39.83,44.29,76,75,4.61,US,1631787170
Narsaq,60.9167,-46.05,34.02,34.02,45,99,0.38,GL,1631787172
Sinjār,36.3209,41.8754,88.43,88.43,23,0,10.27,IQ,1631787174
Tilichiki,60.4667,166.1,40.62,40.62,80,62,4.36,RU,1631787175
Charters Towers,-20.1,146.2667,66.51,66.51,56,1,12.01,AU,1631787176
San Miguel de Tucumán,-26.8241,-65.2226,46.4,46.4,71,0,6.91,AR,1631787177
Hofn,64.2539,-15.2082,51.82,51.82,100,90,11.5,IS,1631787178
Flin Flon,54.7682,-101.865,46.15,46.15,53,0,11.7,CA,1631787180
Sun Valley,39.5963,-119.776,56.77,65.23,34,1,1.01,US,1631787181
Cherskiy,68.75,161.3,30.11,30.11,73,55,5.95,RU,1631787182
Boa Vista,2.8197,-60.6733,80.58,80.58,69,0,10.36,BR,1631787183
Coquimbo,-29.9533,-71.3436,49.73,49.73,87,90,4.61,CL,1631787185
Wonthaggi,-38.6044,145.5913,49.24,53.38,78,27,10.0,AU,1631787186
Jalu,29.0331,21.5482,86.38,86.38,25,0,6.82,LY,1631787187
Chaohu,31.6,117.8667,76.96,76.96,61,0,6.13,CN,1631787188
Chicomuselo,15.7667,-92.2667,67.37,67.37,95,67,1.68,MX,1631787188
San Andrés,12.5847,-81.7006,80.62,80.62,83,40,6.91,CO,1631787189
Ritíni,40.2869,22.2808,76.89,82.42,26,49,4.54,GR,1631787190
Koumac,-20.5667,164.2833,67.98,67.98,61,65,11.1,NC,1631787191
Kiunga,-6.1219,141.2906,73.36,73.36,98,100,2.93,PG,1631787192
Ulladulla,-35.35,150.4667,48.38,50.88,79,16,3.06,AU,1631787192
Kapuskasing,49.4169,-82.4331,44.92,44.92,92,9,7.2,CA,1631787193
Novy Urengoy,66.0833,76.6333,46.65,46.65,65,97,9.13,RU,1631787194
Auki,-8.7676,160.7034,76.87,76.87,88,34,5.73,SB,1631787196
Demba,-5.51,22.2667,88.32,88.32,43,95,5.41,CD,1631787197
Bom Jesus do Galho,-19.8289,-42.3161,71.89,71.89,64,2,2.57,BR,1631787198
Ovruch,51.3246,28.8035,65.41,65.41,50,84,5.97,UA,1631787200
Verkhniye Kigi,55.4083,58.6044,44.92,44.92,81,100,14.41,RU,1631787201
Batouri,4.4333,14.3667,79.32,79.32,83,54,2.24,CM,1631787202
Margate,51.3813,1.3862,66.7,69.96,78,46,3.65,GB,1631787204
Yambio,4.5721,28.3955,82.94,82.94,70,60,2.24,SS,1631787205
Locri,38.2414,16.2623,81.86,89.55,42,42,7.23,IT,1631787207
Malakal,9.5334,31.6605,92.88,92.88,46,45,0.51,SS,1631787208
Greenville,35.6127,-77.3663,69.98,72.99,96,1,0.0,US,1631787210
Ulaangom,49.9811,92.0667,66.07,66.07,25,100,7.18,MN,1631787211
Tūkrah,32.5341,20.5791,81.18,81.18,54,0,11.52,LY,1631787211
Faranah,10.0404,-10.7434,72.59,72.59,94,100,1.05,GN,1631787212
Saint Anthony,45.0205,-93.218,65.89,68.14,64,20,14.97,US,1631787214
Tārūt,26.5733,50.0369,107.15,107.82,31,1,14.07,SA,1631787214
Yumen,40.2833,97.2,78.66,78.66,17,0,9.66,CN,1631787216
Ouésso,1.6136,16.0517,90.07,90.07,47,100,3.53,CG,1631787217
Aldan,58.6031,125.3894,32.56,32.56,100,100,7.47,RU,1631787218
Imeni Zhelyabova,58.9544,36.5956,42.6,42.6,80,100,5.91,RU,1631787220
Laguna,38.421,-121.4238,57.09,68.22,86,1,3.0,US,1631787221
Pumiao,22.75,108.4833,78.06,78.06,90,100,5.68,CN,1631787222
Deputatsky,69.3,139.9,39.11,39.11,86,97,3.94,RU,1631787222
Ilhéus,-14.7889,-39.0494,75.13,75.13,81,67,2.33,BR,1631787224
Kahului,20.8947,-156.47,77.02,77.02,69,1,0.0,US,1631787225
Arroio Grande,-32.2375,-53.0869,46.18,46.18,83,0,3.18,BR,1631787227
Pitiquito,30.7,-112.0833,85.35,85.35,41,0,2.51,MX,1631787228
Hargeisa,9.56,44.065,87.15,87.15,30,91,10.04,SO,1631787229
Nālūt,30.3333,10.85,88.72,88.72,17,0,10.07,LY,1631787231
Gambēla,8.25,34.5833,81.55,81.55,67,90,2.04,ET,1631787232
Kangaatsiaq,68.3065,-53.4641,30.6,30.6,77,13,12.28,GL,1631787234
Sistranda,63.7256,8.834,53.56,58.89,81,100,7.09,NO,1631787235
Synya,65.3718,58.0387,50.49,50.49,57,99,9.89,RU,1631787238
Jasper,37.2001,-94.3502,68.02,69.85,86,1,6.91,US,1631787239
Cardston,49.2,-113.3019,35.44,38.46,66,8,0.6,CA,1631787240
Muzhi,65.3667,64.6667,46.58,46.58,69,97,19.93,RU,1631787242
Dhārchula,29.85,80.5333,73.44,73.44,91,100,2.3,IN,1631787243
Benalla,-36.55,145.9833,47.95,48.97,88,47,4.88,AU,1631787243
Senno,59.5336,33.9167,44.26,44.26,86,100,4.43,RU,1631787244
Fallon,39.4735,-118.7774,60.78,67.91,31,1,0.0,US,1631787245
Ankazobe,-18.3167,47.1167,77.41,77.41,29,60,4.63,MG,1631787246
Hashtrūd,37.4779,47.0508,86.41,86.41,10,0,23.06,IR,1631787248
Paracuru,-3.41,-39.0306,80.11,82.42,76,67,15.41,BR,1631787249
Bilma,18.6853,12.9164,100.53,100.53,13,48,10.67,NE,1631787251
Ucluelet,48.9329,-125.5528,39.04,44.1,85,0,4.54,CA,1631787252
Kushima,31.4583,131.2333,76.8,76.8,94,71,4.29,JP,1631787254
Ponta Delgada,37.7333,-25.6667,72.32,72.32,83,20,3.44,PT,1631787254
Borinskoye,52.4569,39.3713,58.82,58.82,38,4,9.24,RU,1631787255
Poronaysk,49.2167,143.1167,57.16,57.16,81,84,11.63,RU,1631787257
Sovetskiy,61.3614,63.5842,42.67,42.67,95,100,11.79,RU,1631787257
Bangassou,4.7413,22.8184,89.28,89.28,51,100,2.66,CF,1631787259
Guerrero Negro,27.9769,-114.0611,69.3,69.3,83,1,15.19,MX,1631787260
Rocha,-34.4833,-54.3333,46.94,46.94,76,0,5.88,UY,1631787262
Petropavlovsk-Kamchatskiy,53.0452,158.6483,45.86,45.86,78,1,2.62,RU,1631787264
Syas'stroy,60.1367,32.5691,48.38,48.38,63,98,6.26,RU,1631787265
Saint George,37.1041,-113.5841,72.7,72.79,23,1,1.99,US,1631787267
Sibu,2.3,111.8167,80.47,80.47,80,98,1.32,MY,1631787079
Guarapari,-20.6667,-40.4975,75.09,75.09,89,46,4.85,BR,1631787268
Pangai,-19.8,-174.35,77.11,77.11,84,16,16.49,TO,1631787269
Acarí,-15.4311,-74.6158,61.65,61.65,76,74,4.07,PE,1631787271
Oddur,4.1213,43.8894,91.65,91.65,36,67,18.95,SO,1631787273
Bowen,-20.0167,148.2333,69.57,69.57,65,0,12.66,AU,1631787275
Teknāf,20.8624,92.3058,84.47,84.47,76,100,5.1,BD,1631787275
Naze,28.3667,129.4833,79.16,79.16,82,44,10.69,JP,1631787138
Santa Lucía,27.9117,-15.5407,69.78,70.77,69,75,19.57,ES,1631787276
Hervey Bay,-25.2986,152.8535,65.03,65.03,67,3,10.69,AU,1631787277
Ji’an,27.1172,114.9793,83.03,83.03,55,0,7.72,CN,1631787278
Isiro,2.7739,27.616,73.53,73.53,84,100,2.75,CD,1631787278
Tuy Hoa,13.0833,109.3,82.51,82.51,79,96,8.99,VN,1631787211
Ayr,55.4627,-4.6339,60.91,62.92,72,20,9.22,GB,1631787280
Milot,19.6167,-72.2167,73.92,73.92,79,24,4.45,HT,1631787281
Nur,52.6683,22.3221,60.78,60.78,73,100,11.7,PL,1631787282
Taoudenni,22.6783,-3.9836,104.27,104.27,18,30,13.94,ML,1631787283
Chipata,-13.6333,32.65,89.1,89.1,20,10,8.05,ZM,1631787285
Paamiut,61.994,-49.6678,37.22,37.22,71,100,4.52,GL,1631787286
Anadyr,64.75,177.4833,43.36,43.36,80,100,11.54,RU,1631787288
Puerto Palomas,31.7667,-107.6167,69.13,69.13,45,41,2.37,MX,1631787289
Vila,42.0304,-8.1588,60.96,63.32,79,31,3.69,PT,1631787290
Abu Samrah,35.3029,37.1841,84.0,84.0,34,0,13.82,SY,1631787292
Lavrentiya,65.5833,-171.0,34.57,34.57,75,84,8.05,RU,1631787293
Beloha,-25.1667,45.05,91.0,91.0,25,0,10.31,MG,1631787295
Millinocket,45.6573,-68.7098,54.07,57.34,95,1,3.44,US,1631787296
Amapá,1.0,-52.0,70.39,70.39,99,28,1.39,BR,1631787297
Mabay,6.0577,124.4666,76.89,76.89,94,100,2.77,PH,1631787299
Padang,-0.9492,100.3543,86.05,86.05,82,57,2.86,ID,1631787110
Clearwater,27.9659,-82.8001,76.69,78.91,88,40,1.99,US,1631787300
Dale,38.1689,-86.99,63.59,65.98,100,1,0.0,US,1631787301
Pacifica,37.6138,-122.4869,55.69,58.86,86,20,3.0,US,1631787111
Gorom-Gorom,14.4439,-0.2361,89.76,89.76,48,28,12.53,BF,1631787304
Mount Gambier,-37.8333,140.7667,48.61,48.61,83,0,4.81,AU,1631787141
Kalianget,-7.05,113.9333,83.21,83.21,68,78,8.61,ID,1631787306
Aromashevo,56.8602,68.6375,63.28,63.28,48,76,11.68,RU,1631787306
Goderich,43.7501,-81.7165,52.12,53.91,67,2,10.04,CA,1631787308
Tiarei,-17.5333,-149.3333,77.02,77.02,76,6,20.76,PF,1631787309
Benghazi,32.1167,20.0667,81.0,81.0,53,0,11.07,LY,1631787310
Palmas,-10.2128,-48.3603,76.87,76.87,69,0,3.44,BR,1631787311
Ndjolé,-0.1783,10.7649,80.08,80.08,81,100,3.83,GA,1631787313
Te Anau,-45.4167,167.7167,38.01,38.01,97,77,5.79,NZ,1631787314
Campbellton,48.0075,-66.6727,47.61,47.61,96,100,4.29,CA,1631787315
Warragul,-38.1667,145.9333,49.44,53.65,76,92,4.18,AU,1631787184
Krasnosel'kup,65.7,82.4667,48.27,48.27,64,95,3.6,RU,1631787316
Rundu,-17.9333,19.7667,98.01,98.01,7,7,3.98,NA,1631787318
Kosh-Agach,50.0,88.6667,60.85,60.85,22,100,2.39,RU,1631787319
Campo Maior,-4.8278,-42.1686,78.08,78.08,71,8,4.41,BR,1631787320
Keti Bandar,24.1447,67.4497,93.94,93.94,56,19,11.79,PK,1631787321
Westport,41.1415,-73.3579,68.92,72.07,83,75,5.99,US,1631787322
Alghero,40.5589,8.3181,84.29,84.29,58,0,6.91,IT,1631787323
Leeton,-34.5667,146.4,50.54,50.54,66,6,4.47,AU,1631787324
Bhongīr,17.5108,78.8889,85.3,87.98,54,100,14.54,IN,1631787324
Behbahān,30.5959,50.2417,106.92,106.92,8,0,11.99,IR,1631787325
Cabedelo,-6.9811,-34.8339,77.67,77.67,76,17,14.81,BR,1631787326
Roald,62.5833,6.1333,56.12,58.33,88,75,5.75,NO,1631787327
Biltine,14.5333,20.9167,98.78,98.78,16,15,10.36,TD,1631787329
Berlevåg,70.8578,29.0864,39.0,44.6,60,24,7.9,NO,1631787330
Shenavan,40.0549,43.9288,86.58,87.31,21,20,10.36,AM,1631787331
Correntina,-13.3433,-44.6367,73.17,73.17,39,0,3.89,BR,1631787333
Venice of the Philippines,4.6628,119.3928,80.15,80.15,73,100,7.67,PH,1631787334
Yulara,-25.2406,130.9889,85.84,85.84,21,84,6.91,AU,1631787334
Geraldton,-28.7667,114.6,61.21,61.21,55,40,16.11,AU,1631787147
Truth or Consequences,33.1284,-107.2528,68.59,69.15,37,1,9.22,US,1631787335
Kavaratti,10.5669,72.642,81.5,81.5,80,98,15.39,IN,1631787336
Port Hedland,-20.3167,118.5667,75.25,75.25,60,18,17.27,AU,1631787336
Batemans Bay,-35.7167,150.1833,50.61,51.19,74,95,2.21,AU,1631787337
Finspång,58.7058,15.7674,53.19,54.12,82,100,11.36,SE,1631787337
Beringovskiy,63.05,179.3167,39.04,39.04,78,32,6.13,RU,1631787339
Nichinan,31.6,131.3667,78.48,79.75,92,81,3.94,JP,1631787340
Narón,43.5167,-8.1528,66.99,72.03,68,77,5.53,ES,1631787340
Picota,-6.9197,-76.3304,68.81,68.81,100,39,0.87,PE,1631787342
Santa Catalina,9.3337,122.8637,79.23,79.23,83,100,2.53,PH,1631787245
Mbandaka,0.0487,18.2603,77.2,77.2,79,100,3.18,CD,1631787343
Mossamedes,-15.1961,12.1522,71.64,71.64,63,13,7.9,AO,1631787345
Hegang,47.4,130.3667,53.82,53.82,91,100,4.47,CN,1631787346
Mitsamiouli,-11.3847,43.2844,79.11,79.11,72,30,7.94,KM,1631787347
Thanh Hoa,19.8,105.7667,82.38,82.38,87,100,6.85,VN,1631787133
Alyangula,-13.8483,136.4192,76.55,76.55,77,19,11.01,AU,1631787349
Misratah,32.3754,15.0925,83.21,83.21,50,0,7.61,LY,1631787349
La Sarre,48.8002,-79.1996,43.41,43.41,95,62,5.86,CA,1631787352
Vao,-22.6667,167.4833,69.04,69.04,59,14,17.18,NC,1631787353
Isla Mujeres,21.2311,-86.731,82.45,82.45,82,93,12.55,MX,1631787353
Vestmanna,62.1564,-7.1664,52.72,52.72,87,20,10.36,FO,1631787354
Ojinaga,29.5667,-104.4167,77.97,78.42,47,1,5.75,MX,1631787355
Pombas,17.1503,-25.0201,80.38,80.38,77,64,12.95,CV,1631787356
Hambantota,6.1241,81.1185,86.94,86.94,65,92,23.85,LK,1631787358
Kyaukse,21.6,96.1333,91.4,91.4,70,90,5.75,MM,1631787359
Homer,59.6425,-151.5483,48.06,48.79,76,90,4.61,US,1631787359
Kasempa,-13.4584,25.8338,95.2,95.2,14,63,4.88,ZM,1631787360
Hamilton,39.1834,-84.5333,62.58,67.05,95,90,4.61,US,1631787362
Prince Rupert,54.3161,-130.3201,50.29,53.29,93,90,4.61,CA,1631787363
Santa Rosa,14.3122,121.1114,82.94,84.11,78,99,5.59,PH,1631787077
Ketchikan,55.3422,-131.6461,47.08,47.08,88,99,3.96,US,1631787364
